Workbook

Sheet Prompts
A1: Step | B1: Date/time (UTC+03:00) | C1: Session ID | D1: Loop / purpose | E1: Prompt text (as typed) | F1: Session tokens – total | G1: Session tokens – new work
A3: 1 | B3: 46289.493 | C3: 9d5eafa8-cb72-4469-99a8-38b681b59246 | D3: Framework setup – design the reusable Claude Loops framework (plan first) | E3: Read docs/task-description.txt and docs/Task_PRD.md carefully. Your job right now is NOT to build the application. Your job is to build a REUSABLE "Claude Loops" framework that can implement ANY application from either a full PRD or a single user story. Nothing inside the loops may be specific to QuickFlow; project-specific values go in a config file. The task requires exactly TWO loops. Create: 1. loops/backend-dev/ and loops/frontend-dev/, each with: - Loop-instructions.md: the step-by-step loop algorithm (read input -> plan phases -> implement one phase -> verify -> update progress/state -> next phase). Stop condition: phase verified successfully OR 3 failed attempts, then record the failure and stop. - task.md: describes this loop's inputs, outputs, and acceptance criteria. - progress.md: a log with, per milestone: start time, end time, tokens used, status, attempts count, and action items done. - state/: a state.json (current phase, attempt count, status per phase, last error) so the loop can stop and resume. - outputs/: one md file per phase, listing its tasks as checkboxes that get marked [x] when achieved. 2. backend-dev rules: input = requirements file path (full PRD or a single user story); output = phase files, backend code in backend/, and a Swagger/OpenAPI spec exported to a file; verification = curl commands per phase, saved with their results in that phase's output file; unit tests optional. 3. frontend-dev rules: input = requirements file path + Swagger spec file path; output = phase files and frontend code in frontend/; the frontend is served by a simple static server at a local URL; verification = Playwright MCP against that URL after each feature/phase, with results and screenshots saved; unit tests optional. 4. The orchestrator is NOT a third loop. It is only a slash command that runs backend-dev first, then passes the generated Swagger file to frontend-dev. Each loop must also be runnable directly on its own. 5. Slash commands in .claude/commands/: orchestrate.md, backend-loop.md, frontend-loop.md, each taking the requirements path via $ARGUMENTS. 6. loops/config.md holding the project-specific settings: tech stack, folders, ports, URLs. 7. A root CLAUDE.md with global rules: always update progress.md and state/ after every phase, never skip verification, and log tokens used per milestone. Tech stack for this project (put it in loops/config.md): - Backend: ASP.NET Core Web API (.NET 8) + EF Core + SQLite + Swashbuckle, with CORS enabled for the frontend URL. - Frontend: plain HTML, CSS, JavaScript and jQuery only. No frameworks, no build step. Show me the plan first before creating files. | F3: =INDEX(Sessions!$L$2:$L$7,MATCH(C3,Sessions!$A$2:$A$7,0)) -> 1844660 | G3: =INDEX(Sessions!$M$2:$M$7,MATCH(C3,Sessions!$A$2:$A$7,0)) -> 108229
A4: 2 | B4: 46289.499 | C4: 9d5eafa8-cb72-4469-99a8-38b681b59246 | D4: Framework setup – approve plan, answer questions, create files | E4: Approved. Answers: - Ports 5080 and 5500 are fine. - Use npx http-server. - The token-usage script is OK. After the first phase, show me its reading so I can verify it. - Skip the README and other deliverables for now; we will do them after the loops run. - I renamed the task file to docs/task-description.txt; use that path. Go ahead and create the files. | F4: =INDEX(Sessions!$L$2:$L$7,MATCH(C4,Sessions!$A$2:$A$7,0)) -> 1844660 | G4: =INDEX(Sessions!$M$2:$M$7,MATCH(C4,Sessions!$A$2:$A$7,0)) -> 108229
A5: 3 | B5: 46289.518 | C5: 420f0aff-a628-4393-b42c-16d82885ecc9 | D5: backend-dev loop – run on full PRD (planning + phase 01) | E5: /backend-loop docs/Task_PRD.md | F5: =INDEX(Sessions!$L$2:$L$7,MATCH(C5,Sessions!$A$2:$A$7,0)) -> 23247449 | G5: =INDEX(Sessions!$M$2:$M$7,MATCH(C5,Sessions!$A$2:$A$7,0)) -> 494721
A6: 4 | B6: 46289.529 | C6: 420f0aff-a628-4393-b42c-16d82885ecc9 | D6: backend-dev loop – token-format feedback, resume phases 02–07 non-stop | E6: The readings look correct. For every milestone in progress.md, log both: - total (including cache reads) - new work = input + cache write + output Apply the same format to the planning entry and keep it for all future phases and for the frontend loop. The NuGet and dotnet-ef changes are fine. Now resume /backend-loop docs/Task_PRD.md from phase-02. Do not stop after each phase to ask me; continue through all remaining phases, and stop only if a phase fails 3 times or the loop is complete. | F6: =INDEX(Sessions!$L$2:$L$7,MATCH(C6,Sessions!$A$2:$A$7,0)) -> 23247449 | G6: =INDEX(Sessions!$M$2:$M$7,MATCH(C6,Sessions!$A$2:$A$7,0)) -> 494721
A7: 5 | B7: 46289.741 | C7: dbce93dc-0205-4499-a3bc-e4b2b73b6bd0 | D7: frontend-dev loop – run on full PRD + exported Swagger (all phases) | E7: /frontend-loop docs/Task_PRD.md docs/api/swagger.json | F7: =INDEX(Sessions!$L$2:$L$7,MATCH(C7,Sessions!$A$2:$A$7,0)) -> 53999982 | G7: =INDEX(Sessions!$M$2:$M$7,MATCH(C7,Sessions!$A$2:$A$7,0)) -> 760880
A8: 6 | B8: 46290.62 | C8: ad453de1-7a04-46ff-880e-301b30e2ff04 | D8: Deliverable – loops README with mermaid sequence diagrams | E8: Create README.md at the repo root describing the loops framework: - Purpose and how the loops are reusable (full PRD or a single user story). - Folder structure and what each loop file does. - How to run each loop directly and via /orchestrate. - Mermaid sequence diagrams for: the orchestrator flow, the backend-dev loop (plan -> implement -> curl verify -> retry up to 3 -> progress/state), and the frontend-dev loop (with Playwright MCP verification). - A results summary from both progress.md files (phases, checks, attempts, tokens), and how to run the backend and the frontend. Base everything on the real files and results, not on assumptions. | F8: =INDEX(Sessions!$L$2:$L$7,MATCH(C8,Sessions!$A$2:$A$7,0)) -> 808206 | G8: =INDEX(Sessions!$M$2:$M$7,MATCH(C8,Sessions!$A$2:$A$7,0)) -> 97314
A9: 7 | B9: 46290.648 | C9: 48e5d7d1-e5ab-4109-b011-a510eae6c6fe | D9: Deliverable – this prompts & sessions workbook | E9: Using the Claude Code session transcripts for this project under ~/.claude/projects/, create deliverables/prompts-and-sessions.xlsx with one row per prompt I typed: step number, date/time, session ID, loop or purpose, the full prompt text, and tokens for that session if available. Only include my own prompts, not tool output. | F9: =INDEX(Sessions!$L$2:$L$7,MATCH(C9,Sessions!$A$2:$A$7,0)) -> 469020 | G9: =INDEX(Sessions!$M$2:$M$7,MATCH(C9,Sessions!$A$2:$A$7,0)) -> 52051
A11: Notes
A12: • One row per prompt typed by the user. Excluded: tool results, skill/slash-command expansions (isMeta), background task notifications, subagent messages, IDE context tags, and '[Request interrupted by user]' markers.
A13: • Slash-command prompts are shown as typed (command + arguments).
A14: • Session tokens are for the whole session, so they repeat on every prompt of that session; see the Sessions sheet for the breakdown.
A15: • Total = input + cache write + cache read + output. New work = input + cache write + output (cache reads excluded).
A17: • Source: ~/.claude/projects/c--Users-hm245-source-repos-QuickFlow/*.jsonl, generated 2026-09-25 15:36 (UTC+03:00).

Sheet Sessions
A1: Session ID | B1: Start (UTC+03:00) | C1: End (UTC+03:00) | D1: Loop / purpose | E1: Prompts | F1: Model | G1: API calls | H1: Input | I1: Cache write | J1: Cache read | K1: Output | L1: Total tokens | M1: New work tokens
A2: 72cff1cd-47cd-4d3b-90ab-03efabc0af2b | B2: 46289.484 | C2: 46289.484 | D2: Aborted docs-skill invocation | E2: =COUNTIF(Prompts!$C$2:$C$9,A2) -> 0 | F2: — | G2: 0 | H2: 0 | I2: 0 | J2: 0 | K2: 0 | L2: =SUM(H2:K2) -> 0 | M2: =H2+I2+K2 -> 0
A3: 9d5eafa8-cb72-4469-99a8-38b681b59246 | B3: 46289.493 | C3: 46289.505 | D3: Framework setup | E3: =COUNTIF(Prompts!$C$2:$C$9,A3) -> 2 | F3: claude-opus-5-5 | G3: 25 | H3: 50 | I3: 64871 | J3: 1736431 | K3: 43308 | L3: =SUM(H3:K3) -> 1844660 | M3: =H3+I3+K3 -> 108229
A4: 420f0aff-a628-4393-b42c-16d82885ecc9 | B4: 46289.518 | C4: 46289.551 | D4: backend-dev loop | E4: =COUNTIF(Prompts!$C$2:$C$9,A4) -> 2 | F4: claude-opus-5-5 | G4: 119 | H4: 238 | I4: 288380 | J4: 22752728 | K4: 206103 | L4: =SUM(H4:K4) -> 23247449 | M4: =H4+I4+K4 -> 494721
A5: dbce93dc-0205-4499-a3bc-e4b2b73b6bd0 | B5: 46289.741 | C5: 46289.783 | D5: frontend-dev loop | E5: =COUNTIF(Prompts!$C$2:$C$9,A5) -> 1 | F5: claude-opus-5-5 | G5: 209 | H5: 418 | I5: 498699 | J5: 53239102 | K5: 261763 | L5: =SUM(H5:K5) -> 53999982 | M5: =H5+I5+K5 -> 760880
A6: ad453de1-7a04-46ff-880e-301b30e2ff04 | B6: 46290.62 | C6: 46290.622 | D6: Deliverable – README | E6: =COUNTIF(Prompts!$C$2:$C$9,A6) -> 1 | F6: claude-opus-5-5 | G6: 9 | H6: 18 | I6: 83696 | J6: 710892 | K6: 13600 | L6: =SUM(H6:K6) -> 808206 | M6: =H6+I6+K6 -> 97314
A7: 48e5d7d1-e5ab-4109-b011-a510eae6c6fe | B7: 46290.648 | C7: 46290.65 | D7: Deliverable – prompts workbook | E7: =COUNTIF(Prompts!$C$2:$C$9,A7) -> 1 | F7: claude-opus-5-5 | G7: 8 | H7: 16 | I7: 41588 | J7: 416969 | K7: 10447 | L7: =SUM(H7:K7) -> 469020 | M7: =H7+I7+K7 -> 52051
A8: Total | E8: =SUM(E2:E7) -> 7 | G8: =SUM(G2:G7) -> 370 | H8: =SUM(H2:H7) -> 740 | I8: =SUM(I2:I7) -> 977234 | J8: =SUM(J2:J7) -> 78856122 | K8: =SUM(K2:K7) -> 535221 | L8: =SUM(L2:L7) -> 80369317 | M8: =SUM(M2:M7) -> 1513195
A10: Token counts summed from the usage of each unique assistant message (API call) in the session transcript; hardcoded values (blue) come from the transcripts, black cells are formulas.
